,scriptID,sceneID,header,text,upper,tokens
0,0,0,scene_heading,": EXT. LABYRINTH - NIGHT

","['EXT', 'LABYRINTH', 'NIGHT']",ext labyrinth night
1,0,0,text,": In the foreground, OFELIA - 11 years old, skin white as
snow, ruby lips and ebony hair - is sprawled on the ground.
A thick ribbon of blood runs from her nose.
But - the blood is flowing backward into her nostril. Drop
by drop, the blood leaps up and disappears.
Ofelia's pupils dilate-

","['OFELIA', 'A']",in the foreground ofelia 11 years old skin white as snow ruby lips and ebony hair is sprawled on the ground a thick ribbon of blood runs from her nose but the blood is flowing backward into her nostril drop by drop the blood leaps up and disappears ofelia s pupils dilate
2,0,0,speaker_heading,": NARRATOR

",['NARRATOR'],narrator
3,0,0,dialog,": Long ago in the Underground Realm...

",[],long ago in the underground realm
4,0,0,text,": CAMERA MOVES INTO THE DARK PUPIL-

","['CAMERA', 'MOVES', 'INTO', 'THE', 'DARK', 'PUPIL']",camera moves into the dark pupil
5,0,0,speaker_heading,": NARRATOR

",['NARRATOR'],narrator
6,0,0,dialog,": ...where there are no lies or pain, there
lived a Princess who dreamt of the human
world.

",[],where there are no lies or pain there lived a princess who dreamt of the human world
7,0,0,text,": The sound of muffled wind.

",[],the sound of muffled wind
8,0,0,speaker_heading,": NARRATOR

",['NARRATOR'],narrator
9,0,0,dialog,": She dreamt of blue skies, the soft breeze
and sunshine...

",[],she dreamt of blue skies the soft breeze and sunshine
10,0,0,text,": A dark CASTLE takes shape. Here, a tower... there, a
turret... and lighted windows.
Finally, the damp, mildewed walls of a water well come into
focus.

","['A', 'CASTLE']",a dark castle takes shape here a tower there a turret and lighted windows finally the damp mildewed walls of a water well come into focus
11,0,0,speaker_heading,": NARRATOR

",['NARRATOR'],narrator
12,0,0,dialog,": One day, eluding her keepers, the
Princess escaped.

",[],one day eluding her keepers the princess escaped
13,0,0,text,": A woman's silhouette crosses CAMERA-

","['A', 'CAMERA']",a woman s silhouette crosses camera
14,0,0,speaker_heading,": NARRATOR

",['NARRATOR'],narrator
15,0,0,dialog,": Once outside, the brightness blinded her
and erased her memory...

",[],once outside the brightness blinded her and erased her memory
16,0,0,text,": A circular staircase leads up... toward daylight, where the
image...

",['A'],a circular staircase leads up toward daylight where the image
17,0,0,speaker_heading,": NARRATOR

",['NARRATOR'],narrator
18,0,0,dialog,": She forgot who she was and where she came
from. Her body suffered cold, sickness
and pain. Eventually, she died.

",[],she forgot who she was and where she came from her body suffered cold sickness and pain eventually she died
19,0,1,scene_heading,": EXT. BOMBED CITY - DAY

","['EXT', 'BOMBED', 'CITY', 'DAY']",ext bombed city day
20,0,1,text,": CAMERA TRACKS past scenes of destruction: bombed-out
buildings... cathedrals in ruins.

","['CAMERA', 'TRACKS']",camera tracks past scenes of destruction bombed out buildings cathedrals in ruins
21,0,1,speaker_heading,": NARRATOR

",['NARRATOR'],narrator
22,0,1,dialog,": Her father, the King, always knew that
the Princess would return, perhaps in
another body, in another place, at
another time.

",[],her father the king always knew that the princess would return perhaps in another body in another place at another time
23,0,1,text,": On half-demolished walls, Falangist posters declare Franco's
triumph. Among the ruins, smaller, poignant traces of war:
shoes, broken eye-glasses...

",[],on half demolished walls falangist posters declare franco s triumph among the ruins smaller poignant traces of war shoes broken eye glasses
24,0,1,speaker_heading,": NARRATOR

",['NARRATOR'],narrator
25,0,1,dialog,": And he would wait for her, until he drew
his last breath, until the world stopped
turning...

",[],and he would wait for her until he drew his last breath until the world stopped turning
26,0,1,text,": Through the ruined buildings, a SMALL CARAVAN OF BLACK
BENTLEY CARS comes into view.
The shiny chrome fenders pass directly by CAMERA; they bear
all the Fascist insignias and flags.

","['SMALL', 'CARAVAN', 'OF', 'BLACK', 'BENTLEY', 'CARS', 'CAMERA']",through the ruined buildings a small caravan of black bentley cars comes into view the shiny chrome fenders pass directly by camera they bear all the fascist insignias and flags
27,0,2,scene_heading,": INT. MAIN CAR - SAME

","['INT', 'MAIN', 'CAR', 'SAME']",int main car same
28,0,2,text,": Looking out the window: OFELIA.
She's dressed in plain, slightly frayed clothing. Not very
dainty. On her lap is a book of fairy tales.
CAMERA studies one of the watercolors that adorn the pages:
an illustration of a little girl dancing with several
fairies flying around her.
At her side, a small pile of similar books in a book strap.

","['OFELIA', 'CAMERA']",looking out the window ofelia she s dressed in plain slightly frayed clothing not very dainty on her lap is a book of fairy tales camera studies one of the watercolors that adorn the pages an illustration of a little girl dancing with several fairies flying around her at her side a small pile of similar books in a book strap
29,0,2,speaker_heading,": CARMEN

",['CARMEN'],carmen
30,0,2,dialog,": I don't understand why you had to bring
so many books, Ofelia.

",['I'],i don t understand why you had to bring so many books ofelia
31,0,2,text,": Ofelia turns her gaze toward the opposite seat, where her
mother, CARMEN, 28, is napping, her enormous stomach
evidence of advanced pregnancy. She, too, has black hair.

",['CARMEN'],ofelia turns her gaze toward the opposite seat where her mother carmen 28 is napping her enormous stomach evidence of advanced pregnancy she too has black hair
32,0,2,speaker_heading,": CARMEN

",['CARMEN'],carmen
33,0,2,dialog,": We're going to the country... the
outdoors... plenty of fresh air.

",[],we re going to the country the outdoors plenty of fresh air
34,0,2,text,": She takes the book away from Ofelia.

",[],she takes the book away from ofelia
35,0,2,speaker_heading,": CARMEN

",['CARMEN'],carmen
36,0,2,dialog,": Fairy tales? You're too old to be filling
your head with such nonsense.

",[],fairy tales you re too old to be filling your head with such nonsense
37,0,2,text,": She pauses, feeling nausea.

",[],she pauses feeling nausea
38,0,2,speaker_heading,": CARMEN

",['CARMEN'],carmen
39,0,2,dialog,": Ask them to stop the car- please-

",[],ask them to stop the car please
40,0,2,text,": Ofelia knocks on the partition window of the sedan. The
Driver stops.

",[],ofelia knocks on the partition window of the sedan the driver stops
41,0,3,scene_heading,": EXT. WOODS - SAME

","['EXT', 'WOODS', 'SAME']",ext woods same
42,0,3,text,": The caravan of cars stops. Carmen hurriedly climbs down and
moves to the front of the main car.
Gasping for air, she battles the nausea. Ofelia timidly
approaches her.

",[],the caravan of cars stops carmen hurriedly climbs down and moves to the front of the main car gasping for air she battles the nausea ofelia timidly approaches her
43,0,3,speaker_heading,": CARMEN

",['CARMEN'],carmen
44,0,3,dialog,": Ofelia, wait up.

",[],ofelia wait up
45,0,3,text,": She grabs her pregnant abdomen.

",[],she grabs her pregnant abdomen
46,0,3,speaker_heading,": CARMEN

",['CARMEN'],carmen
47,0,3,dialog,": Your brother's not well.

",[],your brother s not well
48,0,3,text,": Ofelia nods and moves away. SERRANO, a military man, climbs
out of the car behind them and approaches Carmen solicitous.

",['SERRANO'],ofelia nods and moves away serrano a military man climbs out of the car behind them and approaches carmen solicitous
49,0,3,speaker_heading,": SERRANO

",['SERRANO'],serrano
50,0,3,dialog,": Madam, are you feeling ill?

",[],madam are you feeling ill
51,0,3,speaker_heading,": CARMEN

",['CARMEN'],carmen
52,0,3,dialog,": Water- just a bit of water-

",[],water just a bit of water
53,0,3,speaker_heading,": SERRANO

",['SERRANO'],serrano
54,0,3,dialog,": (to one of his men)
Water, bring water for the Captain's
wife.

",[],to one of his men water bring water for the captain s wife
55,0,3,text,": Ofelia walks alongside the road, moving into the woods and
further away from the caravan of cars.
CAMERA surveys the heavy forest: a tangled tapestry of moss
and fog. The trees, swayed by the wind, murmur softly around Ofelia.
She stumbles upon a strange stone by the side of the road.
Roughly the size of a fist- carved on it, the outline of a
human EYE.
Fascinated, the young girl picks it up.
She looks around and finds -amidst the shrubs- an ancient
stone monolith incised with Celtic lettering.
It's crowned with the grotesque face of a satyr- mouth open
wide.
A piece of the brutish face is missing: an eye.
Ofelia fits the piece of engraved stone in the missing area.
A perfect fit.
From inside the statue a clicking noise emerges. The wind
picks up and out of the satyr's open mouth, a STICK INSECT lazily crawls
out. Ofelia smiles. The insect climbs atop the stone head
and studies the girl for a moment. Then

","['CAMERA', 'EYE', 'A', 'A', 'STICK', 'INSECT']",ofelia walks alongside the road moving into the woods and further away from the caravan of cars camera surveys the heavy forest a tangled tapestry of moss and fog the trees swayed by the wind murmur softly around ofelia she stumbles upon a strange stone by the side of the road roughly the size of a fist carved on it the outline of a human eye fascinated the young girl picks it up she looks around and finds amidst the shrubs an ancient stone monolith incised with celtic lettering it s crowned with the grotesque face of a satyr mouth open wide a piece of the brutish face is missing an eye ofelia fits the piece of engraved stone in the missing area a perfect fit from inside the statue a clicking noise emerges the wind picks up and out of the satyr s open mouth a stick insect lazily crawls out ofelia smiles the insect climbs atop the stone head and studies the girl for a moment then
56,0,3,speaker_heading,": CARMEN

",['CARMEN'],carmen
57,0,3,dialog,": Ofelia??

",[],ofelia
58,0,3,text,": The sound of Carmen's voice startles the creature, which flies
off. Ofelia runs to her mother's side.

",[],the sound of carmen s voice startles the creature which flies off ofelia runs to her mother s side
59,0,3,speaker_heading,": OFELIA.

",['OFELIA'],ofelia
60,0,3,dialog,": (enthusiastic)
A fairy- I saw a fairy!!

","['A', 'I']",enthusiastic a fairy i saw a fairy
61,0,3,speaker_heading,": CARMEN

",['CARMEN'],carmen
62,0,3,dialog,": Oh- look at your shoes!! They're covered
in mud!

",[],oh look at your shoes they re covered in mud
63,0,3,text,": They head back to the caravan.

",[],they head back to the caravan
64,0,3,speaker_heading,": CARMEN

",['CARMEN'],carmen
65,0,3,dialog,": When we get to the mill I want you to
greet Captain Vidal.
That man- has been very good to us,
darling. You have no idea-
So, I want you to call him ""Father."" Do
you hear me? ""Father...""
It's just a word, Ofelia.

","['I', 'I']",when we get to the mill i want you to greet captain vidal that man has been very good to us darling you have no idea so i want you to call him father do you hear me father it s just a word ofelia
66,0,3,text,": The Stick Insect lands in a nearby tree and observes inquisitively
as Mother and daughter climb into the main car and head off.
A beat later, the Stick Insect flies after them.

",['A'],the stick insect lands in a nearby tree and observes inquisitively as mother and daughter climb into the main car and head off a beat later the stick insect flies after them
67,0,4,scene_heading,":  INT. WATER MILL - DAY

","['INT', 'WATER', 'MILL', 'DAY']",int water mill day
68,0,4,text,": CLOSE-UP: a gold pocket watch, on a heavy chain. The glass
dial is cracked...
A gloved THUMB snaps the cover shut. A VOICE - CAPTAIN VIDAL
- mutters in irritation.

","['CLOSE', 'UP', 'A', 'THUMB', 'A', 'VOICE', 'CAPTAIN', 'VIDAL']",close up a gold pocket watch on a heavy chain the glass dial is cracked a gloved thumb snaps the cover shut a voice captain vidal mutters in irritation
69,0,4,speaker_heading,": VIDAL

",['VIDAL'],vidal
70,0,4,dialog,": Fifteen minutes late.

",[],fifteen minutes late
71,0,4,text,": ANGLE WIDENS to describe a dilapidated WATER MILL.
The site consists of a pair of dark stone buildings with
corrugated roofs, connected to the mill by a small stone
bridge. A large water wheel hangs over the dry riverbed.
The wooden beams and columns bear sculpted Celtic motifs and
here and there, small, odd, carved creatures.
The walls have been reinforced with hundreds of sand-bags
and wooden pontoons, as if preparing for an attack.
CAPTAIN VIDAL and a small group of SERVANTS and SOLDIERS
wait patiently outside.

","['ANGLE', 'WIDENS', 'WATER', 'MILL', 'A', 'CAPTAIN', 'VIDAL', 'SERVANTS', 'SOLDIERS']",angle widens to describe a dilapidated water mill the site consists of a pair of dark stone buildings with corrugated roofs connected to the mill by a small stone bridge a large water wheel hangs over the dry riverbed the wooden beams and columns bear sculpted celtic motifs and here and there small odd carved creatures the walls have been reinforced with hundreds of sand bags and wooden pontoons as if preparing for an attack captain vidal and a small group of servants and soldiers wait patiently outside
72,0,4,speaker_heading,": SOLDIER

",['SOLDIER'],soldier
73,0,4,dialog,": Captain!! They're here-

",[],captain they re here
74,0,4,text,": The caravan of Bentleys stops in front of the building. Vidal
and his group moves in. Servants and Soldiers unload luggage
withy military efficiency. In charge is MERCEDES, a young
but strict country woman.
Vidal greets Carmen.

",['MERCEDES'],the caravan of bentleys stops in front of the building vidal and his group moves in servants and soldiers unload luggage withy military efficiency in charge is mercedes a young but strict country woman vidal greets carmen
75,0,4,speaker_heading,": VIDAL

",['VIDAL'],vidal
76,0,4,dialog,": Carmen- Welcome-

",[],carmen welcome
77,0,4,text,": With a pleasant smile, he touches her pregnant belly and
then points at a wooden wheelchair pushed to Carmen's side
by a small, nervous man SGT. GARCES. By his side stands
DOCTOR FERREIRO, a pleasant, scholarly man in his mid
forties.

","['SGT', 'GARCES', 'DOCTOR', 'FERREIRO']",with a pleasant smile he touches her pregnant belly and then points at a wooden wheelchair pushed to carmen s side by a small nervous man sgt garces by his side stands doctor ferreiro a pleasant scholarly man in his mid forties
78,0,4,speaker_heading,": CARMEN

",['CARMEN'],carmen
79,0,4,dialog,": I- I don't need it- I can walk by myself.

","['I', 'I', 'I']",i i don t need it i can walk by myself
80,0,4,speaker_heading,": VIDAL

",['VIDAL'],vidal
81,0,4,dialog,": Doctor Ferreiro prefers that you don't
exert yourself.

",[],doctor ferreiro prefers that you don t exert yourself
82,0,4,speaker_heading,": CARMEN

",['CARMEN'],carmen
83,0,4,dialog,": N-no...

",['N'],n no
84,0,4,text,": Vidal leans towards her and whispers -ever so softly- in her
ear:

",[],vidal leans towards her and whispers ever so softly in her ear
85,0,4,speaker_heading,": VIDAL

",['VIDAL'],vidal
86,0,4,dialog,": Then do it for me...

",[],then do it for me
87,0,4,text,": She obeys. As she sits, Ofelia exits the automobile, holding
her books close to her chest.

",[],she obeys as she sits ofelia exits the automobile holding her books close to her chest
88,0,4,speaker_heading,": CARMEN

",['CARMEN'],carmen
89,0,4,dialog,": Ofelia. Greet the Captain.

",[],ofelia greet the captain
90,0,4,text,":  She is wheeled away. An awkward silence passes between the
young girl and the Captain.

",[],she is wheeled away an awkward silence passes between the young girl and the captain
91,0,4,speaker_heading,": VIDAL

",['VIDAL'],vidal
92,0,4,dialog,": Ofelia-

",[],ofelia
93,0,4,text,": The girl extends her hand. He grabs it, firm but cold. It is
her left hand.

",[],the girl extends her hand he grabs it firm but cold it is her left hand
94,0,4,speaker_heading,": VIDAL

",['VIDAL'],vidal
95,0,4,dialog,":  It's the other hand, Ofelia.

",[],it s the other hand ofelia
96,0,4,text,": He turns to the servants.

",[],he turns to the servants
97,0,4,speaker_heading,": VIDAL

",['VIDAL'],vidal
98,0,4,dialog,": Mercedes, take my wife's luggage to her
room-

",[],mercedes take my wife s luggage to her room
99,0,4,speaker_heading,": MERCEDES

",['MERCEDES'],mercedes
100,0,4,dialog,": Yes, sir.

",[],yes sir
101,0,4,text,": Mercedes glances back to find Ofelia curiously gazing at-
-a pile of sandbags. Perched on top-
-the big Stick Insect.
It fans out its multiple wings. Twice. Ofelia runs over and
tries to catch it.
But the Stick Insect takes off and escapes. The girl drops her
books and goes after it.

",[],mercedes glances back to find ofelia curiously gazing at a pile of sandbags perched on top the big stick insect it fans out its multiple wings twice ofelia runs over and tries to catch it but the stick insect takes off and escapes the girl drops her books and goes after it
102,0,5,scene_heading,": EXT. GARDENS - FURTHER - CONTINUOUS

","['EXT', 'GARDENS', 'FURTHER', 'CONTINUOUS']",ext gardens further continuous
103,0,5,text,": Ofelia follows the Stick Insect to the edge of a small rise.
She follows it with her eyes and sees, about 100 meters
away, surrounded by trees, the ruins of a garden LABYRINTH.
The CAMERA glides up for a better view. The labyrinth is
circular, its paths overgrown and partially blocked.
Ofelia enters the labyrinth through an archway. She ventures
down one of its pathways and stops-

","['LABYRINTH', 'CAMERA']",ofelia follows the stick insect to the edge of a small rise she follows it with her eyes and sees about 100 meters away surrounded by trees the ruins of a garden labyrinth the camera glides up for a better view the labyrinth is circular its paths overgrown and partially blocked ofelia enters the labyrinth through an archway she ventures down one of its pathways and stops
104,0,5,speaker_heading,": MERCEDES

",['MERCEDES'],mercedes
105,0,5,dialog,": It's a labyrinth-

",[],it s a labyrinth
106,0,5,text,": Ofelia turns- the young woman stands by her side. Ofelia's
books in hand.

",[],ofelia turns the young woman stands by her side ofelia s books in hand
107,0,5,speaker_heading,": MERCEDES

",['MERCEDES'],mercedes
108,0,5,dialog,": Just a pile of old stones.
They've always been there, even before
the mill. Better you don't go near it-
You could get lost.

",[],just a pile of old stones they ve always been there even before the mill better you don t go near it you could get lost
109,0,5,text,": A ray of sunlight breaks through the grey clouds and
illuminates the old ruins. Mercedes hands her the books.

",['A'],a ray of sunlight breaks through the grey clouds and illuminates the old ruins mercedes hands her the books
110,0,5,speaker_heading,": OFELIA.

",['OFELIA'],ofelia
111,0,5,dialog,": Thank you.

",[],thank you
112,0,5,speaker_heading,": MERCEDES

",['MERCEDES'],mercedes
113,0,5,dialog,": Have you read them all?

",[],have you read them all
114,0,5,text,": Garcés shouts from the mill:

",[],garc s shouts from the mill
115,0,5,speaker_heading,": GARCES

",['GARCES'],garces
116,0,5,dialog,": Mercedes!
(Mercedes reacts)
The Captain’s calling you.

",[],mercedes mercedes reacts the captain s calling you
117,0,5,text,": Mercedes makes a small gesture of goodbye to Ofelia.

",[],mercedes makes a small gesture of goodbye to ofelia
118,0,5,speaker_heading,": MERCEDES

",['MERCEDES'],mercedes
119,0,5,dialog,": Your father needs me.

",[],your father needs me
120,0,5,text,": She turns and walks away-

",[],she turns and walks away
121,0,5,speaker_heading,": OFELIA.

",['OFELIA'],ofelia
122,0,5,dialog,": He's not my father.

",[],he s not my father
123,0,5,text,": Mercedes doesn't understand. The girl runs up to her.

",[],mercedes doesn t understand the girl runs up to her
124,0,5,speaker_heading,": OFELIA.

",['OFELIA'],ofelia
125,0,5,dialog,": The Captain- he's not my father. My
father was a tailor. He died in the war. The Captain’s not my father!

",[],the captain he s not my father my father was a tailor he died in the war the captain s not my father
126,0,5,text,": Mercedes can't help but smile at the girl's sudden
vehemence.

",[],mercedes can t help but smile at the girl s sudden vehemence
127,0,5,speaker_heading,": MERCEDES

",['MERCEDES'],mercedes
128,0,5,dialog,": Well, you've made that clear enough.

",[],well you ve made that clear enough
129,0,5,text,": They walk away together.

",[],they walk away together
130,0,5,speaker_heading,": OFELIA.

",['OFELIA'],ofelia
131,0,5,dialog,": Did you see my mother?
(Mercedes nods)
She's pretty isn't she?
(Mercedes nods)
You saw her belly? She's sick with child.

",[],did you see my mother mercedes nods she s pretty isn t she mercedes nods you saw her belly she s sick with child
132,0,5,text,": As they go into the house, the Stick Insect - perched atop
the labyrinth's archway - monitors their every move.

",[],as they go into the house the stick insect perched atop the labyrinth s archway monitors their every move
133,0,6,scene_heading,": INT. DINING ROOM - NIGHT

","['INT', 'DINING', 'ROOM', 'NIGHT']",int dining room night
134,0,6,speaker_heading,": VIDAL

",['VIDAL'],vidal
135,0,6,dialog,": The guerillas are sticking to the woods
because it's hard to track them down up
there.

",[],the guerillas are sticking to the woods because it s hard to track them down up there
136,0,6,text,": Vidal is standing at an enormous dining table. Serrano,
Garcés and a few lower-ranking officials surround him.

",[],vidal is standing at an enormous dining table serrano garc s and a few lower ranking officials surround him
137,0,6,speaker_heading,": VIDAL

",['VIDAL'],vidal
138,0,6,dialog,": Those pricks know the terrain better than
any of us. We need to force them down -

",[],those pricks know the terrain better than any of us we need to force them down
139,0,6,text,": Vidal sticks pins into one of the larger maps.

",[],vidal sticks pins into one of the larger maps
140,0,6,speaker_heading,": VIDAL

",['VIDAL'],vidal
141,0,6,dialog,": -let's block their access to medicine and supplies.

",[],let s block their access to medicine and supplies
142,0,6,text,": Mercedes enters bearing a tray of olives, cold cuts and a
bottle of Orujo liquor.

",[],mercedes enters bearing a tray of olives cold cuts and a bottle of orujo liquor
143,0,6,speaker_heading,": VIDAL

",['VIDAL'],vidal
144,0,6,dialog,": We'll set up three command posts. Here,
here and here.

",[],we ll set up three command posts here here and here
145,0,6,text,": Mercedes glances briefly at the maps, concealing avid interest.
Suddenly, Vidal grabs Mercedes by the arm.

",[],mercedes glances briefly at the maps concealing avid interest suddenly vidal grabs mercedes by the arm
146,0,6,speaker_heading,": VIDAL

",['VIDAL'],vidal
147,0,6,dialog,": Have Dr. Ferreiro come see me.

",[],have dr ferreiro come see me
148,0,6,speaker_heading,": MERCEDES

",['MERCEDES'],mercedes
149,0,6,dialog,": Yes, Sir...

",[],yes sir
150,0,6,text,": Turning his attention back to his maps, Vidal takes two
olives and pops them into his mouth.

",[],turning his attention back to his maps vidal takes two olives and pops them into his mouth
151,0,6,speaker_heading,": VIDAL

",['VIDAL'],vidal
152,0,6,dialog,": (chewing)
Those bastards are going to starve...
you'll see...

",[],chewing those bastards are going to starve you ll see
153,0,7,scene_heading,": INT. UPPER BEDROOM - DUSK

","['INT', 'UPPER', 'BEDROOM', 'DUSK']",int upper bedroom dusk
154,0,7,text,": The doctor stirs some drops of medicine into a glass of
water. Carmen lies back in a monumental carved bed. On her
lap there are several playing cards.

",[],the doctor stirs some drops of medicine into a glass of water carmen lies back in a monumental carved bed on her lap there are several playing cards
155,0,7,speaker_heading,": DOCTOR

",['DOCTOR'],doctor
156,0,7,dialog,": Just four drops at bedtime and you'll
sleep all night long.

",[],just four drops at bedtime and you ll sleep all night long
157,0,7,text,": He gives her the water and the medicine vial. Carmen drinks
weakly. Ofelia stands by her side.

",[],he gives her the water and the medicine vial carmen drinks weakly ofelia stands by her side
158,0,7,speaker_heading,": DOCTOR

",['DOCTOR'],doctor
159,0,7,dialog,": Don't hesitate to call if you need
anything, Madame. You- or your little
nurse.

",[],don t hesitate to call if you need anything madame you or your little nurse
160,0,7,text,": He grins at Ofelia, then exits the room. Carmen gives Ofelia
the medicine vial.

",[],he grins at ofelia then exits the room carmen gives ofelia the medicine vial
161,0,7,speaker_heading,": CARMEN

",['CARMEN'],carmen
162,0,7,dialog,": Go. Close the door so I can sleep.

",['I'],go close the door so i can sleep
163,0,8,scene_heading,": INT. FOYER/STAIRWAY - NIGHT

","['INT', 'FOYER', 'STAIRWAY', 'NIGHT']",int foyer stairway night
164,0,8,text,": In the hallway, the doctor finds Mercedes waiting for him.
They proceed in silence down the hallway and look down into the foyer: empty.

",[],in the hallway the doctor finds mercedes waiting for him they proceed in silence down the hallway and look down into the foyer empty
165,0,8,speaker_heading,": MERCEDES

",['MERCEDES'],mercedes
166,0,8,dialog,": You must come up the mountain and see him-
the leg wound- its getting worse...

",[],you must come up the mountain and see him the leg wound its getting worse
167,0,8,text,": The doctor nods timidly and gives Mercedes a small PACKAGE
wrapped in dark paper and neatly tied in string.

",['PACKAGE'],the doctor nods timidly and gives mercedes a small package wrapped in dark paper and neatly tied in string
168,0,8,speaker_heading,": DOCTOR

",['DOCTOR'],doctor
169,0,8,dialog,": This is all I could get. I'm sorry.

","['I', 'I']",this is all i could get i m sorry
170,0,8,text,": Mercedes sighs, disappointed.

",[],mercedes sighs disappointed
171,0,8,speaker_heading,": MERCEDES

",['MERCEDES'],mercedes
172,0,8,dialog,": He's downstairs- don't keep him waiting.

",[],he s downstairs don t keep him waiting
173,0,8,text,": The doctor moves downstairs. Mercedes glances toward the
Upper Bedroom and discovers Ofelia, watching her attentively- how long has
she been there?
The girl closes the door quietly.

",[],the doctor moves downstairs mercedes glances toward the upper bedroom and discovers ofelia watching her attentively how long has she been there the girl closes the door quietly
174,0,9,scene_heading,": INT. UPPER BEDROOM - NIGHT

","['INT', 'UPPER', 'BEDROOM', 'NIGHT']",int upper bedroom night
175,0,9,text,": Ofelia takes off her shoes and climbs into her mother's bed.
As she cuddles close to her mother-

",[],ofelia takes off her shoes and climbs into her mother s bed as she cuddles close to her mother
176,0,9,speaker_heading,": CARMEN

",['CARMEN'],carmen
177,0,9,dialog,": Jesus- Your feet- they're frozen.

",[],jesus your feet they re frozen
178,0,9,text,": She caresses Ofelia's head. The wind picks up and the house
timbers moan and creak.

",[],she caresses ofelia s head the wind picks up and the house timbers moan and creak
179,0,9,speaker_heading,": CARMEN

",['CARMEN'],carmen
180,0,9,dialog,": Are you scared?

",[],are you scared
181,0,9,speaker_heading,": OFELIA.

",['OFELIA'],ofelia
182,0,9,dialog,": A little bit.

",['A'],a little bit
183,0,9,speaker_heading,": OFELIA.

",['OFELIA'],ofelia
184,0,9,dialog,": What's that noise?

",[],what s that noise
185,0,9,speaker_heading,": CARMEN

",['CARMEN'],carmen
186,0,9,dialog,": Nothing, just the wind. Nights here are
different from city nights. There, you
hear cars, trains. Here the houses are
old and creaky.

",[],nothing just the wind nights here are different from city nights there you hear cars trains here the houses are old and creaky
187,0,9,text,": The house utters a series of deep, rumbling noises.

",[],the house utters a series of deep rumbling noises
188,0,9,speaker_heading,": CARMEN

",['CARMEN'],carmen
189,0,9,dialog,": Almost like they're speaking.

",[],almost like they re speaking
190,0,9,text,": Tomorrow, I'm going to give you something
special.

",['I'],tomorrow i m going to give you something special
191,0,9,speaker_heading,": OFELIA.

",['OFELIA'],ofelia
192,0,9,dialog,": A book?

",['A'],a book
193,0,9,speaker_heading,": CARMEN

",['CARMEN'],carmen
194,0,9,dialog,": No, something much better.

",[],no something much better
195,0,9,text,": A beat of silence and then-

",['A'],a beat of silence and then
196,0,9,speaker_heading,": OFELIA.

",['OFELIA'],ofelia
197,0,9,dialog,": Why did you have to get married?

",[],why did you have to get married
198,0,9,speaker_heading,": CARMEN

",['CARMEN'],carmen
199,0,9,dialog,": We were alone too long.

",[],we were alone too long
200,0,9,speaker_heading,": OFELIA.

",['OFELIA'],ofelia
201,0,9,dialog,": You weren't alone. You were never alone.

",[],you weren t alone you were never alone
202,0,9,speaker_heading,": CARMEN

",['CARMEN'],carmen
203,0,9,dialog,": When you're older you'll understand. It
hasn't been easy for me.

",[],when you re older you ll understand it hasn t been easy for me
204,0,9,text,": She winces in pain-

",[],she winces in pain
205,0,9,speaker_heading,": CARMEN

",['CARMEN'],carmen
206,0,9,dialog,": Your brother's- he's acting up. Tell him
one of your stories so he'll calm down.

",[],your brother s he s acting up tell him one of your stories so he ll calm down
207,0,9,text,": Ofelia gently leans on her mother's stomach and taps it with
one finger, as if it were a telegraph key.

",[],ofelia gently leans on her mother s stomach and taps it with one finger as if it were a telegraph key
208,0,9,speaker_heading,": CARMEN

",['CARMEN'],carmen
209,0,9,dialog,": My brother, my brother...

",[],my brother my brother
210,0,9,text,": Carmen closes her eyes and listens to her daughter's voice-

",[],carmen closes her eyes and listens to her daughter s voice
211,0,9,speaker_heading,": OFELIA.

",['OFELIA'],ofelia
212,0,9,dialog,": ... a long, long time ago in a grey, sad
country...",[],a long long time ago in a grey sad country
213,1,0,scene_heading,": INT. NASSAU BAND REHEARSAL STUDIO - GEHRING HALL - NIGHT 1

","['INT', 'NASSAU', 'BAND', 'REHEARSAL', 'STUDIO', 'GEHRING', 'HALL', 'NIGHT']",int nassau band rehearsal studio gehring hall night 1
214,1,0,text,": A cavernous space. Sound-proofed walls. And in the center, a
DRUM SET. Seated at it, in a sweat-marked white T, eyes
zeroed on his single-stroke roll, is ANDREW NEIMAN.
He’s 19, slight, honors-student-skinny -- except for his
arms, which have been built from years and years of drumming.
Suddenly -- a MAN enters the practice room. Stopping, rising--

","['A', 'DRUM', 'SET', 'T', 'ANDREW', 'NEIMAN', 'MAN']",a cavernous space sound proofed walls and in the center a drum set seated at it in a sweat marked white t eyes zeroed on his single stroke roll is andrew neiman he s 19 slight honors student skinny except for his arms which have been built from years and years of drumming suddenly a man enters the practice room stopping rising
215,1,0,speaker_heading,": ANDREW

",['ANDREW'],andrew
216,1,0,dialog,": Sorry... I’m -- I’m sorry--

","['I', 'I']",sorry i m i m sorry
217,1,0,speaker_heading,": MAN

",['MAN'],man
218,1,0,dialog,": It’s ok. Stay there.
The MAN steps forward, removes his coat. He’s tall. Late
fifties. Black T-shirt, black slacks, black shoes. We’1ll know
him as FLETCHER.
The room is silent now. And then, softly, as he’s one of
those people whose whisper can scare the crap out of you--

","['MAN', 'T', 'FLETCHER']",it s ok stay there the man steps forward removes his coat he s tall late fifties black t shirt black slacks black shoes we 1ll know him as fletcher the room is silent now and then softly as he s one of those people whose whisper can scare the crap out of you
219,1,0,speaker_heading,": FLETCHER

",['FLETCHER'],fletcher
220,1,0,dialog,": What’s your name?

",[],what s your name
221,1,0,speaker_heading,": ANDREW

",['ANDREW'],andrew
222,1,0,dialog,": Andrew Neiman, sir.

",[],andrew neiman sir
223,1,0,speaker_heading,": FLETCHER

",['FLETCHER'],fletcher
224,1,0,dialog,": What year are you?

",[],what year are you
225,1,0,speaker_heading,": ANDREW

",['ANDREW'],andrew
226,1,0,dialog,": I’m a first-year, sir.

",['I'],i m a first year sir
227,1,0,speaker_heading,": FLETCHER

",['FLETCHER'],fletcher
228,1,0,dialog,": You know who I am?

",['I'],you know who i am
229,1,0,speaker_heading,": ANDREW

",['ANDREW'],andrew
230,1,0,dialog,": Yes...

",[],yes
231,1,0,speaker_heading,": FLETCHER

",['FLETCHER'],fletcher
232,1,0,dialog,": You know what I do?

",['I'],you know what i do
233,1,0,speaker_heading,": ANDREW

",['ANDREW'],andrew
234,1,0,dialog,": Yes...

",[],yes
235,1,0,speaker_heading,": FLETCHER

",['FLETCHER'],fletcher
236,1,0,dialog,": So you know I’m looking for players.

",['I'],so you know i m looking for players
237,1,0,speaker_heading,": ANDREW

",['ANDREW'],andrew
238,1,0,dialog,": Yes...

",[],yes
239,1,0,speaker_heading,": FLETCHER

",['FLETCHER'],fletcher
240,1,0,dialog,": Then why did you stop playing?

",[],then why did you stop playing
241,1,0,text,": Beat. Andrew nods, smiles. He gets it. Summons up all his
remaining energy and resumes playing, trying to really show
off this time. Rolls, fills, speedy stick-work. He finishes.

",[],beat andrew nods smiles he gets it summons up all his remaining energy and resumes playing trying to really show off this time rolls fills speedy stick work he finishes
242,1,0,speaker_heading,": FLETCHER

",['FLETCHER'],fletcher
243,1,0,dialog,": Did I say to start playing again?

",['I'],did i say to start playing again
244,1,0,text,": Andrew looks at him.

",[],andrew looks at him
245,1,0,speaker_heading,": ANDREW

",['ANDREW'],andrew
246,1,0,dialog,": I thought--
(then, blanching, )
I’m sorry, I misun--

","['I', 'I', 'I']",i thought then blanching i m sorry i misun
247,1,0,speaker_heading,": FLETCHER

",['FLETCHER'],fletcher
248,1,0,dialog,": I asked you why you stopped playing. Your
version of an answer was to turn into a
wind-up drummer monkey.

",['I'],i asked you why you stopped playing your version of an answer was to turn into a wind up drummer monkey
249,1,0,speaker_heading,": ANDREW

",['ANDREW'],andrew
250,1,0,dialog,": I’m sorry -- I--I stopped playing becau--

","['I', 'I', 'I']",i m sorry i i stopped playing becau
251,1,0,speaker_heading,": FLETCHER

",['FLETCHER'],fletcher
252,1,0,dialog,": Show me your rudiments.

",[],show me your rudiments
253,1,0,text,": Andrew nods. Plays one rudiment after another: double-stroke
roll, paradiddle, ratamacue, flam, flamadiddle.

",[],andrew nods plays one rudiment after another double stroke roll paradiddle ratamacue flam flamadiddle
254,1,0,speaker_heading,": FLETCHER (CONT’D)

","['FLETCHER', 'CONT', 'D']",fletcher cont d
255,1,0,dialog,": Uh-huh. Double-time swing.

",[],uh huh double time swing
256,1,0,text,": Fletcher begins clapping his hand in time. Fast. Andrew plays.

",[],fletcher begins clapping his hand in time fast andrew plays
257,1,0,speaker_heading,": FLETCHER (CONT’D)

","['FLETCHER', 'CONT', 'D']",fletcher cont d
258,1,0,dialog,": No. Double-time. Double it. Bop-bop-bop-
bop-bop-bop-bop-bop-bop-bop.

",[],no double time double it bop bop bop bop bop bop bop bop bop bop
259,1,0,text,": Andrew tries doubling the tempo. But he can’t. Fletcher STOPS
CLAPPING. The sign of death.

Andrew keeps playing, eyes shut... Then -- he hears the door
CLOSE. He stops, and looks up. Fletcher has left the room.
A moment later -- the door OPENS. It’s Fletcher. Andrew's
eyes widen. Maybe it’s not over...

","['STOPS', 'CLAPPING', 'CLOSE', 'A', 'OPENS']",andrew tries doubling the tempo but he can t fletcher stops clapping the sign of death andrew keeps playing eyes shut then he hears the door close he stops and looks up fletcher has left the room a moment later the door opens it s fletcher andrew s eyes widen maybe it s not over
260,1,0,speaker_heading,": FLETCHER (CONT’D)

","['FLETCHER', 'CONT', 'D']",fletcher cont d
261,1,0,dialog,": Woopsy-daisy. Forgot my coat.

",[],woopsy daisy forgot my coat
262,1,0,text,": Fletcher grabs it, steps back out, CLOSES the door. Andrew
stares ahead, alone again at the drums -- and totally
deflated.
It’s over.
WIDE SHOT of the band room as Andrew slowly rises.

","['CLOSES', 'WIDE', 'SHOT']",fletcher grabs it steps back out closes the door andrew stares ahead alone again at the drums and totally deflated it s over wide shot of the band room as andrew slowly rises
263,1,1,scene_heading,": EXT. NEW YORK STREET - SHAFFER CONSERVATORY - NIGHT 2

","['EXT', 'NEW', 'YORK', 'STREET', 'SHAFFER', 'CONSERVATORY', 'NIGHT']",ext new york street shaffer conservatory night 2
264,1,1,text,": Andrew exits, hurries off. Pasted onto his overloaded back-
pack are patches, buttons, names: Krupa. Roach. Buddy Rich...
The buildings of midtown New York loom over him like giants --
immense, forbidding...

",[],andrew exits hurries off pasted onto his overloaded back pack are patches buttons names krupa roach buddy rich the buildings of midtown new york loom over him like giants immense forbidding
265,1,2,scene_heading,": INT. MOVIE THEATER - LOBBY - NIGHT 3

","['INT', 'MOVIE', 'THEATER', 'LOBBY', 'NIGHT']",int movie theater lobby night 3
266,1,2,text,": A quiet two-screen theater. Andrew buys concessions. The GIRL
at the counter is about his age. She’s pretty, but doesn’t
really know it. More to the point, she doesn’t seem to care.
Her name is NICOLE.

","['A', 'GIRL', 'NICOLE']",a quiet two screen theater andrew buys concessions the girl at the counter is about his age she s pretty but doesn t really know it more to the point she doesn t seem to care her name is nicole
267,1,2,speaker_heading,": NICOLE

",['NICOLE'],nicole
268,1,2,dialog,": Swedish fish?

",[],swedish fish
269,1,2,speaker_heading,": ANDREW

",['ANDREW'],andrew
270,1,2,dialog,": Nah, not this time, thanks...

",[],nah not this time thanks
271,1,2,text,": Andrew and Nicole exchange smiles. He takes his items --
popcorn, Raisinets, two sodas -- and heads off. Peers back at
Nicole. She’s staring into space. She looks suddenly lonely.
Andrew takes in the sight. You can tell he’s attracted to her
-- but he’s too nervous to do anything. A beat later, he
enters the theater.


",['A'],andrew and nicole exchange smiles he takes his items popcorn raisinets two sodas and heads off peers back at nicole she s staring into space she looks suddenly lonely andrew takes in the sight you can tell he s attracted to her but he s too nervous to do anything a beat later he enters the theater
272,1,3,scene_heading,": INT. MOVIE THEATER - MOMENTS LATER 4

","['INT', 'MOVIE', 'THEATER', 'MOMENTS', 'LATER']",int movie theater moments later 4
273,1,3,text,": Andrew spots a 53-year-old man seated near the front. This is

his dad -- JIM. Mild-mannered, soft-spoken, average in every
respect. Has the eyes of a former dreamer.
A smile between the two of them. Andrew hands his dad the
Raisinets, hands him the drink. Routine. The movie hasn’t
started yet. As they exchange items--

","['JIM', 'A']",andrew spots a 53 year old man seated near the front this is his dad jim mild mannered soft spoken average in every respect has the eyes of a former dreamer a smile between the two of them andrew hands his dad the raisinets hands him the drink routine the movie hasn t started yet as they exchange items
274,1,3,speaker_heading,": JIM

",['JIM'],jim
275,1,3,dialog,": You ok?

",[],you ok
276,1,3,speaker_heading,": ANDREW

",['ANDREW'],andrew
277,1,3,dialog,": Sure...
A beat.

",['A'],sure a beat
278,1,3,speaker_heading,": ANDREW (CONT'D)

","['ANDREW', 'CONT', 'D']",andrew cont d
279,1,3,dialog,": He had me play today.

",[],he had me play today
280,1,3,speaker_heading,": JIM

",['JIM'],jim
281,1,3,dialog,": Andrew shrugs. It’s clear what that means.

",[],andrew shrugs it s clear what that means
282,1,3,speaker_heading,": JIM (CONT'D)

","['JIM', 'CONT', 'D']",jim cont d
283,1,3,dialog,": You still have other options.

",[],you still have other options
284,1,3,speaker_heading,": ANDREW

",['ANDREW'],andrew
285,1,3,dialog,": What do you mean?

",[],what do you mean
286,1,3,speaker_heading,": JIM

",['JIM'],jim
287,1,3,dialog,": It’s good to be open-minded. When I was
your age I thought I’d have a book deal
at 23. Then that changed to 30. Then 40.

","['I', 'I', 'I']",it s good to be open minded when i was your age i thought i d have a book deal at 23 then that changed to 30 then 40
288,1,3,speaker_heading,": ANDREW

",['ANDREW'],andrew
289,1,3,dialog,": Right... And that didn’t upset you?

",[],right and that didn t upset you
290,1,3,text,": Jim shrugs, keeps his eyes down. He has a tendency to look
down when talking. The lights dim. The previews begin.

",[],jim shrugs keeps his eyes down he has a tendency to look down when talking the lights dim the previews begin
291,1,3,speaker_heading,": ANDREW (CONT'D)

","['ANDREW', 'CONT', 'D']",andrew cont d
292,1,3,dialog,": I mean, it has to do something to you.

",['I'],i mean it has to do something to you
293,1,3,speaker_heading,": JIM

",['JIM'],jim
294,1,3,dialog,": JIM
(another shrug)
I don’t know. Why? It’s just life.
(pause)
There's other things to care about.
Friends. Romance...

","['JIM', 'I']",jim another shrug i don t know why it s just life pause there s other things to care about friends romance
295,1,3,text,": Andrew takes it in. Especially the last part.

",[],andrew takes it in especially the last part
296,1,3,speaker_heading,": JIM (CONT'D)

","['JIM', 'CONT', 'D']",jim cont d
297,1,3,dialog,": At my age you get perspective.

",[],at my age you get perspective
298,1,3,speaker_heading,": ANDREW

",['ANDREW'],andrew
299,1,3,dialog,": I don’t want perspective.

",['I'],i don t want perspective
300,1,3,text,": Jim smiles. A moment.
Just then a MOVIEGOER squeezes into the row to head to a
seat further down -- and bumps against Jim and his bucket
of popcorn.

","['A', 'MOVIEGOER']",jim smiles a moment just then a moviegoer squeezes into the row to head to a seat further down and bumps against jim and his bucket of popcorn
301,1,3,speaker_heading,": JIM NEYMAN

","['JIM', 'NEYMAN']",jim neyman
302,1,3,dialog,": Sorry.

",[],sorry
303,1,3,text,": The Moviegoer doesn’t say a word. Andrew watches. Takes
it in.

",[],the moviegoer doesn t say a word andrew watches takes it in
304,1,4,scene_heading,": INT. DORMITORY - HALLWAY - HOURS LATER 6

","['INT', 'DORMITORY', 'HALLWAY', 'HOURS', 'LATER']",int dormitory hallway hours later 6
305,1,4,text,": Rusty elevator doors squeak open. Andrew steps out -- into a
grimy, green-walled hallway.
Dim lights, loud MUSIC blaring from behind a door. A thudding
party beat...
At the end of the hall -- where the music is coming from -- a
few PARTYGOERS mingle by a door. The door opens. A YOUNG MAN
hands a SECOND YOUNG MAN a wad of cash in exchange for a Zip-
lock bag of PILLS. The SECOND YOUNG MAN eyes Andrew.
Andrew turns away, heads left -- to his own door. Hurriedly
opens it and slips inside.

","['MUSIC', 'A', 'PARTYGOERS', 'A', 'YOUNG', 'MAN', 'SECOND', 'YOUNG', 'MAN', 'PILLS', 'SECOND', 'YOUNG', 'MAN']",rusty elevator doors squeak open andrew steps out into a grimy green walled hallway dim lights loud music blaring from behind a door a thudding party beat at the end of the hall where the music is coming from a few partygoers mingle by a door the door opens a young man hands a second young man a wad of cash in exchange for a zip lock bag of pills the second young man eyes andrew andrew turns away heads left to his own door hurriedly opens it and slips inside
306,1,5,scene_heading,": INT. DORMITORY - ANDREW’S ROOM - NIGHT 7

","['INT', 'DORMITORY', 'ANDREW', 'S', 'ROOM', 'NIGHT']",int dormitory andrew s room night 7
307,1,5,text,": A single. Drumsticks and drum pads scattered, biographies of
Bach and Coltrane on the shelf, posters of Louis Armstrong
and Charlie Parker on the walls. A TV is on, some sort of
music documentary. Andrew watches from his bed -- as, over
OLD AUDIO OF DRUMMING and old stills of a boy at a drum set --

","['A', 'A', 'TV', 'OLD', 'AUDIO', 'OF', 'DRUMMING']",a single drumsticks and drum pads scattered biographies of bach and coltrane on the shelf posters of louis armstrong and charlie parker on the walls a tv is on some sort of music documentary andrew watches from his bed as over old audio of drumming and old stills of a boy at a drum set
308,1,5,speaker_heading,": NARRATOR (V.O.)

","['NARRATOR', 'V', 'O']",narrator v o
309,1,5,dialog,": By the age of ten, Traps the Boy Wonder
was wowing crowds all over America. By
his teens, Buddy Rich was well on his way
to becoming the stuff of legend.

",[],by the age of ten traps the boy wonder was wowing crowds all over america by his teens buddy rich was well on his way to becoming the stuff of legend
310,1,5,speaker_heading,": TALKING HEAD #1

","['TALKING', 'HEAD']",talking head 1
311,1,5,dialog,": Like any truly great player, Buddy seemed
to have been born with music in his
blood. He grasped it intuitively, ina
way you and I just can't.

",['I'],like any truly great player buddy seemed to have been born with music in his blood he grasped it intuitively ina way you and i just can t
312,1,5,speaker_heading,": TALKING HEAD #2

","['TALKING', 'HEAD']",talking head 2
313,1,5,dialog,": You check out the old stuff, man. You look
at those movies when he was a kid, his
arms...

",[],you check out the old stuff man you look at those movies when he was a kid his arms
314,1,5,text,": Beat. Andrew takes it all in -- especially these words:

",[],beat andrew takes it all in especially these words
315,1,5,speaker_heading,": TALKING HEAD #2 (0.S.) (CONT’D)

","['TALKING', 'HEAD', 'S', 'CONT', 'D']",talking head 2 0 s cont d
316,1,5,dialog,": You just can't teach that. That kind of
genius.
(pause)
You either got it or you don't.

",[],you just can t teach that that kind of genius pause you either got it or you don t
317,1,5,text,": Andrew turns off the TV. We hear the party beat continuing
outside, muffled. He leans back and switches off his light.

",['TV'],andrew turns off the tv we hear the party beat continuing outside muffled he leans back and switches off his light
318,1,6,scene_heading,": INT. GEHRING HALL - NASSAU BAND ROOM - DAY 8

","['INT', 'GEHRING', 'HALL', 'NASSAU', 'BAND', 'ROOM', 'DAY']",int gehring hall nassau band room day 8
319,1,6,text,": The same room we saw Andrew practicing in at night -- only now
it’s full of musicians. Mostly male, mostly first- and second-
years. This is NASSAU BAND, one of Shaffer’s lower-level jazz
ensembles. Because it’s Shaffer, the players are still first-
rate. A few third-years are here, too -- including a red-head
drummer with the body of a linebacker. RYAN CONNOLLY.
Andrew looks up -- in time to see Ryan with a GIRL by the
doorway. Ryan’s girlfriend is gorgeous -- tall, all curves.
Ryan lets his hand slide down her shoulder. Andrew watches...
The GIRL waves bye to Ryan as he heads in. He’s all macho
confidence.

","['NASSAU', 'BAND', 'A', 'RYAN', 'CONNOLLY', 'GIRL', 'GIRL']",the same room we saw andrew practicing in at night only now it s full of musicians mostly male mostly first and second years this is nassau band one of shaffer s lower level jazz ensembles because it s shaffer the players are still first rate a few third years are here too including a red head drummer with the body of a linebacker ryan connolly andrew looks up in time to see ryan with a girl by the doorway ryan s girlfriend is gorgeous tall all curves ryan lets his hand slide down her shoulder andrew watches the girl waves bye to ryan as he heads in he s all macho confidence
320,1,6,speaker_heading,": TRUMPETER

",['TRUMPETER'],trumpeter
321,1,6,dialog,": My man Ry! Shit, how you feeling?

",[],my man ry shit how you feeling
322,1,6,speaker_heading,": RYAN

",['RYAN'],ryan
323,1,6,dialog,": Stitched up at last, dude.

",[],stitched up at last dude
324,1,6,speaker_heading,": TRUMPETER

",['TRUMPETER'],trumpeter
325,1,6,dialog,": Things were hurting with Neiman on the kit--

",[],things were hurting with neiman on the kit
326,1,6,text,": Ryan taps him to stop. Andrew is within earshot -- and has
heard. Beat. Ryan moves over to Andrew, sits down at the set.

",[],ryan taps him to stop andrew is within earshot and has heard beat ryan moves over to andrew sits down at the set
327,1,6,speaker_heading,": RYAN

",['RYAN'],ryan
328,1,6,dialog,": You have a good weekend, bro?

",[],you have a good weekend bro
329,1,6,speaker_heading,": ANDREW

",['ANDREW'],andrew
330,1,6,dialog,": Yeah. Definitely. Really good.

",[],yeah definitely really good
331,1,6,speaker_heading,": RYAN

",['RYAN'],ryan
332,1,6,dialog,": Don’t worry about Greg. He’s a dick.

",[],don t worry about greg he s a dick
333,1,6,text,": Andrew nods. Admires Ryan. Seems more diminutive now than ever.

",[],andrew nods admires ryan seems more diminutive now than ever
334,1,6,speaker_heading,": RYAN (CONT'D)

","['RYAN', 'CONT', 'D']",ryan cont d
335,1,6,dialog,": You been practicing?

",[],you been practicing
336,1,6,speaker_heading,": ANDREW

",['ANDREW'],andrew
337,1,6,dialog,": Yeah. All the time.

",[],yeah all the time
338,1,6,speaker_heading,": RYAN

",['RYAN'],ryan
339,1,6,dialog,": My man.

",[],my man
340,1,6,text,": Then -- the Nassau Band conductor appears: RON KRAMER.

","['RON', 'KRAMER']",then the nassau band conductor appears ron kramer
341,1,6,speaker_heading,": MR. KRAMER

","['MR', 'KRAMER']",mr kramer
342,1,6,dialog,": Morning, fellas. “Billie’s In”, bar 8.

",[],morning fellas billie s in bar 8
343,1,6,text,": Mr. Kramer CLAPS OFF in time -- and the band begins playing
FIRST NASSAU BAND REHEARSAL CHART. Mid-tempo. Ryan’s
confident, in control. Andrew turns his pages, watches...

","['CLAPS', 'OFF', 'FIRST', 'NASSAU', 'BAND', 'REHEARSAL', 'CHART']",mr kramer claps off in time and the band begins playing first nassau band rehearsal chart mid tempo ryan s confident in control andrew turns his pages watches
344,1,6,speaker_heading,": MR. KRAMER (CONT’D)

","['MR', 'KRAMER', 'CONT', 'D']",mr kramer cont d
345,1,6,dialog,": Nice, Ryan... Woah, trumpets.

",[],nice ryan woah trumpets
346,1,6,speaker_heading,": TRUMPETER #2

",['TRUMPETER'],trumpeter 2
347,1,6,dialog,": Yeah, yeah - sorry about that one.

",[],yeah yeah sorry about that one
348,1,6,speaker_heading,": MR. KRAMER

","['MR', 'KRAMER']",mr kramer
349,1,6,dialog,": Just brass again.

",[],just brass again
350,1,6,text,": To Ryan’s left, a whisper--

",[],to ryan s left a whisper
351,1,6,speaker_heading,": TRUMPETER

",['TRUMPETER'],trumpeter
352,1,6,dialog,": Ry...

",[],ry
353,1,6,text,": Ryan turns. Visible as a silhouette through the frosted glass
of the main door...is FLETCHER. Andrew turns and looks as
well. Tenses up.
Fletcher lingers outside. Then he walks on. Ryan turns back to the Trumpeter.

",['FLETCHER'],ryan turns visible as a silhouette through the frosted glass of the main door is fletcher andrew turns and looks as well tenses up fletcher lingers outside then he walks on ryan turns back to the trumpeter
354,1,6,speaker_heading,": RYAN

",['RYAN'],ryan
355,1,6,dialog,": Not today.

",[],not today
356,1,7,scene_heading,": INT. GEHRING HALL - NASSAU BAND ROOM - MOMENTS LATER 9

","['INT', 'GEHRING', 'HALL', 'NASSAU', 'BAND', 'ROOM', 'MOMENTS', 'LATER']",int gehring hall nassau band room moments later 9
357,1,7,text,": Rehearsal has ended. The MUSICIANS have just filed out --
except for Andrew, who’s hanging back...

",['MUSICIANS'],rehearsal has ended the musicians have just filed out except for andrew who s hanging back
358,1,7,speaker_heading,": MR. KRAMER

","['MR', 'KRAMER']",mr kramer
359,1,7,dialog,": Are you learning from Ryan?

",[],are you learning from ryan
360,1,7,speaker_heading,": ANDREW

",['ANDREW'],andrew
361,1,7,dialog,": Yeah... He’s been great to me.

",[],yeah he s been great to me
362,1,7,speaker_heading,": MR. KRAMER

","['MR', 'KRAMER']",mr kramer
363,1,7,dialog,": Last week was a little overwhelming for you?

",[],last week was a little overwhelming for you
364,1,7,speaker_heading,": ANDREW

",['ANDREW'],andrew
365,1,7,dialog,": (is that a question?)
Yeah...
(then, hesitant, )
I wonder...what you think about my progress?

",['I'],is that a question yeah then hesitant i wonder what you think about my progress
366,1,7,speaker_heading,": MR. KRAMER

","['MR', 'KRAMER']",mr kramer
367,1,7,dialog,": Your progress?

",[],your progress
368,1,7,speaker_heading,": ANDREW

",['ANDREW'],andrew
369,1,7,dialog,": I just... I’m...practicing hard and...

","['I', 'I']",i just i m practicing hard and
370,1,7,speaker_heading,": MR. KRAMER

","['MR', 'KRAMER']",mr kramer
371,1,7,dialog,": Andrew -- you’ve got a good attitude. You
always arrive on time.

",[],andrew you ve got a good attitude you always arrive on time
372,1,7,text,": Andrew nods. Waiting.

",[],andrew nods waiting
373,1,7,speaker_heading,": MR. KRAMER (CONT’D)

","['MR', 'KRAMER', 'CONT', 'D']",mr kramer cont d
374,1,7,dialog,": Yeah. Ok?

",[],yeah ok
375,1,7,speaker_heading,": ANDREW

",['ANDREW'],andrew
376,1,7,dialog,": (beat)
Ok... Do you think... I know Fletcher's
looking for players...for Studio Band...

",['I'],beat ok do you think i know fletcher s looking for players for studio band
377,1,7,speaker_heading,": MR. KRAMER

","['MR', 'KRAMER']",mr kramer
378,1,7,dialog,": Yeah, Andrew... Lincoln Center looks out
for Fletcher's top players. If it weren’t
for Ryan’s injury he’d have been in Studio
Band last year. He’s a natural player.

",[],yeah andrew lincoln center looks out for fletcher s top players if it weren t for ryan s injury he d have been in studio band last year he s a natural player
379,1,7,text,": Andrew takes this in. Nods.
A beat.

",['A'],andrew takes this in nods a beat
380,1,7,speaker_heading,": ANDREW

",['ANDREW'],andrew
381,1,7,dialog,": ok.

",[],ok
382,1,7,speaker_heading,": MR. KRAMER

","['MR', 'KRAMER']",mr kramer
383,1,7,dialog,": (this is awkward)
Look... I’m going to be candid. 90% of
our players will never make it into the
Lincoln Centers or the Collectives. The
question is -- who’s in that 10%?

",['I'],this is awkward look i m going to be candid 90 of our players will never make it into the lincoln centers or the collectives the question is who s in that 10
384,1,7,speaker_heading,": MR. KRAMER (CONT’D)

","['MR', 'KRAMER', 'CONT', 'D']",mr kramer cont d
385,1,7,dialog,": So I'd practice. You could start a rock
band.

",['I'],so i d practice you could start a rock band
386,1,7,text,": Andrew takes it in. The implication is clear.
He turns -- and glimpses a poster on the wall: a DRUMMER
throwing a stick in the air mid-solo. Buff. Confident. The
opposite of him.

",['DRUMMER'],andrew takes it in the implication is clear he turns and glimpses a poster on the wall a drummer throwing a stick in the air mid solo buff confident the opposite of him
387,1,7,speaker_heading,": ANDREW

",['ANDREW'],andrew
388,1,7,dialog,": I...I have one more question...
(Kramer looks at him)
.-..Do you know what the process for
transferring is?

","['I', 'I']",i i have one more question kramer looks at him do you know what the process for transferring is
389,1,8,scene_heading,": INT. GEHRING HALL - BASEMENT HALLWAY - CONTINUOUS 11

","['INT', 'GEHRING', 'HALL', 'BASEMENT', 'HALLWAY', 'CONTINUOUS']",int gehring hall basement hallway continuous 11
390,1,8,text,": Andrew walks down a hallway. A piece of paper in his hand.
It’s a TRANSFER APPLICATION...
He notices as two attractive female students pass him.

","['A', 'TRANSFER', 'APPLICATION']",andrew walks down a hallway a piece of paper in his hand it s a transfer application he notices as two attractive female students pass him
391,1,8,speaker_heading,": STUDENT #1

",['STUDENT'],student 1
392,1,8,dialog,": At least you didn’t embarrass yourself like what’s-his-face.

",[],at least you didn t embarrass yourself like what s his face
393,1,8,speaker_heading,": STUDENT #2

",['STUDENT'],student 2
394,1,8,dialog,": That was truly pathetic.

",[],that was truly pathetic
395,1,8,text,": As he continues walking, he hears music. Stops. Approaches.

",[],as he continues walking he hears music stops approaches
396,1,9,scene_heading,": INT. GEHRING HALL - STUDIO BAND ROOM - CONTINUOUS 11A

","['INT', 'GEHRING', 'HALL', 'STUDIO', 'BAND', 'ROOM', 'CONTINUOUS']",int gehring hall studio band room continuous 11a
397,1,9,text,": Through the pane of glass, Andrew can see a FULL ORCHESTRA.
Everyone looks older than in Nassau. More focused. All eyes
glued on Fletcher as he assumes his position...
Fletcher’s right arm moves, just a hair, and the band starts:
fast, dazzling. Andrew watches -- in awe. The band’s playing
STUDIO BAND EAVESDROP CHART, and the sound is so full, so
precise, so commanding. Nothing like Nassau.
And suddenly -- Fletcher TURNS AROUND. His eyes meet Andrew’s.
Andrew ducks out of view -- shit --
-- and hurries away.

","['FULL', 'ORCHESTRA', 'STUDIO', 'BAND', 'EAVESDROP', 'CHART', 'TURNS', 'AROUND']",through the pane of glass andrew can see a full orchestra everyone looks older than in nassau more focused all eyes glued on fletcher as he assumes his position fletcher s right arm moves just a hair and the band starts fast dazzling andrew watches in awe the band s playing studio band eavesdrop chart and the sound is so full so precise so commanding nothing like nassau and suddenly fletcher turns around his eyes meet andrew s andrew ducks out of view shit and hurries away
398,1,10,scene_heading,": INT. ANDREW'S PRACTICE ROOM - A FEW HOURS LATER 12

","['INT', 'ANDREW', 'S', 'PRACTICE', 'ROOM', 'A', 'FEW', 'HOURS', 'LATER']",int andrew s practice room a few hours later 12
399,1,10,text,": Andrew practices like mad, trying to nail a double-time swing.
To his left a digital METRONOME blinks. The time set: 380.
Andrew stops. Resets the metronome. 390. Resumes playing.
Tries to keep up. Resets the metronome to 400. Can’t keep up
at all now. Struggling, sweating, hands blistering, when --
CRAAACK. Andrew's right drumstick SNAPS IN HALF.
He stops. Spent. Looks at his hand, sweating and throbbing from
the blisters.
Looks back at the metronome. Still beeping away. He turns it off.
Glances up ahead at a poster -- of BUDDY RICH hunched over a drum kit, mid-solo -- tacked to the wall.
Stares at the image. Then looks down -- at the PAPERWORK we
saw earlier. 

","['METRONOME', 'CRAAACK', 'SNAPS', 'IN', 'HALF', 'BUDDY', 'RICH', 'PAPERWORK']",andrew practices like mad trying to nail a double time swing to his left a digital metronome blinks the time set 380 andrew stops resets the metronome 390 resumes playing tries to keep up resets the metronome to 400 can t keep up at all now struggling sweating hands blistering when craaack andrew s right drumstick snaps in half he stops spent looks at his hand sweating and throbbing from the blisters looks back at the metronome still beeping away he turns it off glances up ahead at a poster of buddy rich hunched over a drum kit mid solo tacked to the wall stares at the image then looks down at the paperwork we saw earlier
400,1,11,scene_heading,": INT. ANDREW’S PRACTICE ROOM - MOMENTS LATER 12A

","['INT', 'ANDREW', 'S', 'PRACTICE', 'ROOM', 'MOMENTS', 'LATER']",int andrew s practice room moments later 12a
401,1,11,text,": A CD slides into a player. The title: “BUDDY RICH: BIRDLAND”.
Andrew skips ahead to the third track. Immediately, drums
start. Another double-time swing. Only this one is insanely
fast. Even faster than Andrew was going.
Andrew listens. Looks at his drum kit. Thinks. Makes a decision.
Turns the CD off.

","['A', 'CD', 'BUDDY', 'RICH', 'BIRDLAND', 'CD']",a cd slides into a player the title buddy rich birdland andrew skips ahead to the third track immediately drums start another double time swing only this one is insanely fast even faster than andrew was going andrew listens looks at his drum kit thinks makes a decision turns the cd off
402,1,12,scene_heading,": INT. MOVIE THEATER - LOBBY - AFTERNOON 13

","['INT', 'MOVIE', 'THEATER', 'LOBBY', 'AFTERNOON']",int movie theater lobby afternoon 13
403,1,12,text,": The same movie theater as before. Andrew marches in. Has one
goal and one goal only now.
Walks up to Nicole at the counter. Takes a deep breath, and--

",[],the same movie theater as before andrew marches in has one goal and one goal only now walks up to nicole at the counter takes a deep breath and
404,1,12,speaker_heading,": ANDREW

",['ANDREW'],andrew
405,1,12,dialog,": Hey -- look -- I -- I don’t know how to say this -- I see you in here all the time and -- I was just wondering --
(stops, collects himself, ) -- if you'd want to get a bite to eat with me.

","['I', 'I', 'I', 'I']",hey look i i don t know how to say this i see you in here all the time and i was just wondering stops collects himself if you d want to get a bite to eat with me
406,1,12,text,": Beat. Nicole just looks at him. Andrew can’t believe he said what
he just said. Feels like a creep. Instantly regrets it.

",[],beat nicole just looks at him andrew can t believe he said what he just said feels like a creep instantly regrets it
407,1,12,speaker_heading,": NICOLE

",['NICOLE'],nicole
408,1,12,dialog,": Please get away from me.

",[],please get away from me
409,1,12,speaker_heading,": ANDREW

",['ANDREW'],andrew
410,1,12,dialog,": I’m so sorry, I -- I didn’t mea--

","['I', 'I', 'I']",i m so sorry i i didn t mea
411,1,12,speaker_heading,": NICOLE

",['NICOLE'],nicole
412,1,12,dialog,": I’m kidding.

",['I'],i m kidding
413,1,12,text,": She smiles. Beat. Andrew manages a nervous laugh.

",[],she smiles beat andrew manages a nervous laugh
414,1,12,speaker_heading,": NICOLE (CONT'D)

","['NICOLE', 'CONT', 'D']",nicole cont d
415,1,12,dialog,": That your dad you always come in with?

",[],that your dad you always come in with
416,1,12,speaker_heading,": ANDREW

",['ANDREW'],andrew
417,1,12,dialog,": (discombobulated, trying to keep up--)
Kind of bobs up and down when he walks?
That’s him.

",[],discombobulated trying to keep up kind of bobs up and down when he walks that s him
418,1,12,speaker_heading,": NICOLE

",['NICOLE'],nicole
419,1,12,dialog,": (laughs; then, )
Andrew, right? I’m Nicole.

",['I'],laughs then andrew right i m nicole
420,1,12,speaker_heading,": ANDREW

",['ANDREW'],andrew
421,1,12,dialog,": Nice to meet you, Nicole...

",[],nice to meet you nicole
422,1,12,speaker_heading,": NICOLE

",['NICOLE'],nicole
423,1,12,dialog,": Monday I get off at seven.

",['I'],monday i get off at seven
424,1,12,speaker_heading,": ANDREW

",['ANDREW'],andrew
425,1,12,dialog,": Monday. Ok. Great. I’1ll be here Monday.

",['I'],monday ok great i 1ll be here monday
426,1,12,text,": A moment -- an awkward silence -- then Andrew turns -- and,
in a daze, realizing what’s just happened, his spirits
suddenly starting to soar -- he glides off.",['A'],a moment an awkward silence then andrew turns and in a daze realizing what s just happened his spirits suddenly starting to soar he glides off
427,2,0,scene_heading,": INT. SURGICAL CHAMBER - NIGHT

","['INT', 'SURGICAL', 'CHAMBER', 'NIGHT']",int surgical chamber night
428,2,0,text,": ...surgical chamber. And watching the screens is a...
          ...chimp, strapped to an operating table, with its skull
          dissected open, webbed in wires and monitoring devices,
          muzzled with a transparent guard. Alive.                        
          Behind the surgical chamber, through the wide doorframe, we
          can see a larger laboratory beyond.

",[],surgical chamber and watching the screens is a chimp strapped to an operating table with its skull dissected open webbed in wires and monitoring devices muzzled with a transparent guard alive behind the surgical chamber through the wide doorframe we can see a larger laboratory beyond
429,2,1,scene_heading,": INT. BRIGHT CORRIDOR - NIGHT

","['INT', 'BRIGHT', 'CORRIDOR', 'NIGHT']",int bright corridor night
430,2,1,text,": A group of black-clad ALF Activists, all wearing balaclavas,
          move down a corridor. They carry various gear - bag, bolt
          cutters.       
          As they move, one Activist reaches up to a security camera
          and sprays it black with an aerosol paint can.

","['A', 'ALF']",a group of black clad alf activists all wearing balaclavas move down a corridor they carry various gear bag bolt cutters as they move one activist reaches up to a security camera and sprays it black with an aerosol paint can
431,2,2,scene_heading,": INT. LABORATORY - NIGHT

","['INT', 'LABORATORY', 'NIGHT']",int laboratory night
432,2,2,text,": The Activists enter the laboratory.

",[],the activists enter the laboratory
433,2,2,speaker_heading,": CHIEF ACTIVIST

","['CHIEF', 'ACTIVIST']",chief activist
434,2,2,dialog,": Fucking hell...

",[],fucking hell
435,2,2,text,": The Chief Activist takes his camera off his shoulder and
          starts taking photos.
          The room is huge and long, and darkened except for specific
          pools of light. Partially illuminated are rows of cages with
          clear perspex doors. They run down either side of the room.
          In the cages are chimpanzees.
          Most are in a state of rabid agitation, banging and clawing
          against the perspex, baring teeth through foam-flecked
          mouths.        
          They reach the far end of the lab, where on a huge steel
          operating table they see the dissected chimp.

",[],the chief activist takes his camera off his shoulder and starts taking photos the room is huge and long and darkened except for specific pools of light partially illuminated are rows of cages with clear perspex doors they run down either side of the room in the cages are chimpanzees most are in a state of rabid agitation banging and clawing against the perspex baring teeth through foam flecked mouths they reach the far end of the lab where on a huge steel operating table they see the dissected chimp
436,2,2,speaker_heading,": FEMALE ACTIVIST

","['FEMALE', 'ACTIVIST']",female activist
437,2,2,dialog,": Oh God...

",[],oh god
438,2,2,text,": The dissected chimp's eyes flick to the Activists. Blood
          wells from around the exposed brain tissue.
          Tears starts to roll down the Female Activist's cheeks.

",[],the dissected chimp s eyes flick to the activists blood wells from around the exposed brain tissue tears starts to roll down the female activist s cheeks
439,2,2,speaker_heading,": CHIEF ACTIVIST

","['CHIEF', 'ACTIVIST']",chief activist
440,2,2,dialog,": (to Female Activist)
           Keep your shit together. If we're
           going to get them out of here...

",[],to female activist keep your shit together if we re going to get them out of here
441,2,2,text,":  The Finnish Activist is checking the perspex cages.

",[],the finnish activist is checking the perspex cages
442,2,2,speaker_heading,": FINNISH ACTIVIST

","['FINNISH', 'ACTIVIST']",finnish activist
443,2,2,dialog,": I can pop these, no problem.

",['I'],i can pop these no problem
444,2,2,speaker_heading,": CHIEF ACTIVIST

","['CHIEF', 'ACTIVIST']",chief activist
445,2,2,dialog,": So get to it.

",[],so get to it
446,2,2,text,": The Finnish Activist raises his crowbar and sticks it around
          the edge of one of the doors - about to prise it open.
          At the moment, the doors to the laboratory bang open.
          The Activists all turn. Standing at the entrance is the
          Scientist.                         
          A pause. The Scientist jumps to a telephone handset on the
          wall and shouts into the receiver.

",['A'],the finnish activist raises his crowbar and sticks it around the edge of one of the doors about to prise it open at the moment the doors to the laboratory bang open the activists all turn standing at the entrance is the scientist a pause the scientist jumps to a telephone handset on the wall and shouts into the receiver
447,2,2,speaker_heading,": SCIENTIST

",['SCIENTIST'],scientist
448,2,2,dialog,": Security! We have a break-in! Get
           to sector...

",[],security we have a break in get to sector
449,2,2,text,": A hand slams down the disconnect button.

",['A'],a hand slams down the disconnect button
450,2,2,speaker_heading,": SCIENTIST

",['SCIENTIST'],scientist
451,2,2,dialog,": ...nine.

",[],nine
452,2,2,text,": The Chief Activist plucks the receiver from the Scientist's
          hands, and then rips the telephone from the wall.                        
          A beat.

",['A'],the chief activist plucks the receiver from the scientist s hands and then rips the telephone from the wall a beat
453,2,2,speaker_heading,": SCIENTIST

",['SCIENTIST'],scientist
454,2,2,dialog,": I know who you are, I know what you
           think you're doing, but you have to
           listen to me. You can't release
           these animals.

","['I', 'I']",i know who you are i know what you think you re doing but you have to listen to me you can t release these animals
455,2,2,speaker_heading,": CHIEF ACTIVIST

","['CHIEF', 'ACTIVIST']",chief activist
456,2,2,dialog,": If you don't want to get hurt, shut
           your mouth, and don't move a
           fucking muscle.

",[],if you don t want to get hurt shut your mouth and don t move a fucking muscle
457,2,2,speaker_heading,": SCIENTIST

",['SCIENTIST'],scientist
458,2,2,dialog,": (BLURTS)
           The chimps are infected!

",['BLURTS'],blurts the chimps are infected
459,2,2,text,": The Activists hesitate, exchanging a glance.

",[],the activists hesitate exchanging a glance
460,2,2,speaker_heading,": SCIENTIST

",['SCIENTIST'],scientist
461,2,2,dialog,":            (continuing; stumbling,FLUSTERED)
           These animals are highly
           contagious. They've been given an
           inhibitor.

",['FLUSTERED'],continuing stumbling flustered these animals are highly contagious they ve been given an inhibitor
462,2,2,speaker_heading,": CHIEF ACTIVIST

","['CHIEF', 'ACTIVIST']",chief activist
463,2,2,dialog,": Infected with what?

",[],infected with what
464,2,2,speaker_heading,": SCIENTIST

",['SCIENTIST'],scientist
465,2,2,dialog,": Chemically restricted, locked down
           to a... a single impulse that...

",[],chemically restricted locked down to a a single impulse that
466,2,2,speaker_heading,": CHIEF ACTIVIST

","['CHIEF', 'ACTIVIST']",chief activist
467,2,2,dialog,": Infected with what?

",[],infected with what
468,2,2,text,": The Scientist hesitates before answering.

",[],the scientist hesitates before answering
469,2,2,speaker_heading,": SCIENTIST

",['SCIENTIST'],scientist
470,2,2,dialog,": Rage.

",[],rage
471,2,2,text,": Behind the Activists, the bank of monitors show the faces of
          the machete-wielding crowd.

",[],behind the activists the bank of monitors show the faces of the machete wielding crowd
472,2,2,speaker_heading,": SCIENTIST

",['SCIENTIST'],scientist
473,2,2,dialog,": (desperately trying to  EXPLAIN)
           In order to cure, you must first
           understand. Just imagine: to have
           power over all the things we feel
           we can't control. Anger,
           violence...

",['EXPLAIN'],desperately trying to explain in order to cure you must first understand just imagine to have power over all the things we feel we can t control anger violence
474,2,2,speaker_heading,": FINNISH ACTIVIST

","['FINNISH', 'ACTIVIST']",finnish activist
475,2,2,dialog,": What the fuck is he talking about?

",[],what the fuck is he talking about
476,2,2,speaker_heading,": CHIEF ACTIVIST

","['CHIEF', 'ACTIVIST']",chief activist
477,2,2,dialog,": We don't have time for this shit!
           Get the cages open!

",[],we don t have time for this shit get the cages open
478,2,2,speaker_heading,": SCIENTIST

",['SCIENTIST'],scientist
479,2,2,dialog,": No!

",[],no
480,2,2,speaker_heading,": CHIEF ACTIVIST

","['CHIEF', 'ACTIVIST']",chief activist
481,2,2,dialog,":            We're going, you sick bastard, and
           we're taking your torture victims
           with us.

",[],we re going you sick bastard and we re taking your torture victims with us
482,2,2,speaker_heading,": SCIENTIST

",['SCIENTIST'],scientist
483,2,2,dialog,": NO! You must listen! The animals
           are contagious! The infection is in
           their blood and saliva! One bite
           and...

",['NO'],no you must listen the animals are contagious the infection is in their blood and saliva one bite and
484,2,2,speaker_heading,": FEMALE ACTIVIST

","['FEMALE', 'ACTIVIST']",female activist
485,2,2,dialog,": They won't bite me.

",[],they won t bite me
486,2,2,text,":  The Female Activist crouches down to face the wild eyes of
          the infected chimp behind the perspex.

",[],the female activist crouches down to face the wild eyes of the infected chimp behind the perspex
487,2,2,speaker_heading,": SCIENTIST

",['SCIENTIST'],scientist
488,2,2,dialog,": STOP! You have no idea!

",['STOP'],stop you have no idea
489,2,2,text,":  The Scientist makes a desperate lunge towards her, but the
          Chief Activist grabs him.

",[],the scientist makes a desperate lunge towards her but the chief activist grabs him
490,2,2,speaker_heading,": FEMALE ACTIVIST

","['FEMALE', 'ACTIVIST']",female activist
491,2,2,dialog,": Good boy. You don't want to bite
           me, do you?

",[],good boy you don t want to bite me do you
492,2,2,text,": The Female Activist gives a final benign smile, then the
          Finnish Activist pops open the door.

",[],the female activist gives a final benign smile then the finnish activist pops open the door
493,2,2,speaker_heading,": SCIENTIST

",['SCIENTIST'],scientist
494,2,2,dialog,": NO!

",['NO'],no
495,2,2,text,": Like a bullet from a gun, the infected chimp leaps out at the
          Female Activist - and sinks its teeth into her neck. She
          reels back as the chimp claws and bites with extraordinary
          viciousness.   
          At the same moment, a deafening alarm begins to sound.

",[],like a bullet from a gun the infected chimp leaps out at the female activist and sinks its teeth into her neck she reels back as the chimp claws and bites with extraordinary viciousness at the same moment a deafening alarm begins to sound
496,2,2,speaker_heading,": FEMALE ACTIVIST

","['FEMALE', 'ACTIVIST']",female activist
497,2,2,dialog,": (SHRIEKING)
           Get it off! Get if off!

",['SHRIEKING'],shrieking get it off get if off
498,2,2,text,": The Finnish Activist rips the ape off and throws it on to the
          floor. The infected chimp immediately bites into the man's
          leg. He yells with pain, and tries to kick it off.
          Behind him, the Female Activist has started to scream. She
          doubles up, clutching the side of her head.

",[],the finnish activist rips the ape off and throws it on to the floor the infected chimp immediately bites into the man s leg he yells with pain and tries to kick it off behind him the female activist has started to scream she doubles up clutching the side of her head
499,2,2,speaker_heading,": FEMALE ACTIVIST

","['FEMALE', 'ACTIVIST']",female activist
500,2,2,dialog,": I'm burning! Jesus! Help me!

",['I'],i m burning jesus help me
501,2,2,speaker_heading,": SCIENTIST

",['SCIENTIST'],scientist
502,2,2,dialog,": We have to kill her!

",[],we have to kill her
503,2,2,speaker_heading,": FEMALE ACTIVIST

","['FEMALE', 'ACTIVIST']",female activist
504,2,2,dialog,": I'm burning! I'm burning!

","['I', 'I']",i m burning i m burning
505,2,2,speaker_heading,": CHIEF ACTIVIST

","['CHIEF', 'ACTIVIST']",chief activist
506,2,2,dialog,": What's...

",[],what s
507,2,2,speaker_heading,": SCIENTIST

",['SCIENTIST'],scientist
508,2,2,dialog,": We have to kill her NOW!

",['NOW'],we have to kill her now
509,2,2,text,": Meanwhile, the Female Activist's cries have become an
          unwavering howl of pain - and she is joined by the Finnish
          Activist, whose hands have also flown to the side of his
          head, gripping his temples as if trying to keep his skull
          from exploding.

",[],meanwhile the female activist s cries have become an unwavering howl of pain and she is joined by the finnish activist whose hands have also flown to the side of his head gripping his temples as if trying to keep his skull from exploding
510,2,2,speaker_heading,": CHIEF ACTIVIST

","['CHIEF', 'ACTIVIST']",chief activist
511,2,2,dialog,": What's wrong with them?

",[],what s wrong with them
512,2,2,text,": The Scientist grabs a desk-lamp base and starts running
          towards the screaming Female Activist...
          ...who has ripped off her balaclava - revealing her face -
          the face of an Infected.
          She turns to the Scientist.

",[],the scientist grabs a desk lamp base and starts running towards the screaming female activist who has ripped off her balaclava revealing her face the face of an infected she turns to the scientist
513,2,2,speaker_heading,": SCIENTIST

",['SCIENTIST'],scientist
514,2,2,dialog,": Oh God.

",[],oh god
515,2,2,text,": She leaps at him. He screams as they go tumbling to the
          ground.
          The Chief Activist watches in immobile horror as she attacks
          the Scientist with amazing ferocity.

",[],she leaps at him he screams as they go tumbling to the ground the chief activist watches in immobile horror as she attacks the scientist with amazing ferocity
516,2,3,scene_heading,": INT. CORRIDOR - NIGHT

","['INT', 'CORRIDOR', 'NIGHT']",int corridor night
517,2,3,text,": Another ACTIVIST makes his way down the corridor towards the
          lab.

",['ACTIVIST'],another activist makes his way down the corridor towards the lab
518,2,3,speaker_heading,: ,[],
519,2,3,speaker_heading,": 

",[],
520,2,3,dialog,": (HISSES)
           Terry? Jemma?

",['HISSES'],hisses terry jemma
521,2,3,text,": No answer.

",[],no answer
522,2,3,speaker_heading,": ACTIVIST

",['ACTIVIST'],activist
523,2,3,dialog,": Mika? Where are you?

",[],mika where are you
524,2,3,text,": He reaches the door to the lab, which is closed - and...
          ...as he opens it, we realize the door is also soundproofed.
          A wall of screaming hits him.
          He stands in the doorway - stunned by the noise, and then the
          sight.         
          Blood, death, and his colleagues, all Infected.

",['A'],he reaches the door to the lab which is closed and as he opens it we realize the door is also soundproofed a wall of screaming hits him he stands in the doorway stunned by the noise and then the sight blood death and his colleagues all infected
525,2,3,speaker_heading,": ACTIVIST

",['ACTIVIST'],activist
526,2,3,dialog,":            Bloody hell.                         
          The Infected rush him.                         

",[],bloody hell the infected rush him
527,2,4,scene_heading,": INT. HOSPITAL ROOM - LATE AFTERNOON

","['INT', 'HOSPITAL', 'ROOM', 'LATE', 'AFTERNOON']",int hospital room late afternoon
528,2,4,text,": Close up of Jim, a young man in his twenties, wearing pale
          green hospital pyjamas. He has a month's beard, is
          dishevelled, and asleep.
          We pull back to see that Jim is lying on a hospital bed, in a
          private room. Connected to his arms are multiple drips, a
          full row of four or five on each side of his bed. Most of the
          bags are empty.
          Jim's eyes open.
          He looks around with an expression of confusion. Then he sits
          up. He is weak, but he swings his legs off the bed and
          stands. The attached drips are pulled with him and clatter to
          the floor.
          Jim winces, and pulls the taped needles from his arm.

",[],close up of jim a young man in his twenties wearing pale green hospital pyjamas he has a month s beard is dishevelled and asleep we pull back to see that jim is lying on a hospital bed in a private room connected to his arms are multiple drips a full row of four or five on each side of his bed most of the bags are empty jim s eyes open he looks around with an expression of confusion then he sits up he is weak but he swings his legs off the bed and stands the attached drips are pulled with him and clatter to the floor jim winces and pulls the taped needles from his arm
529,2,4,speaker_heading,": JIM

",['JIM'],jim
530,2,4,dialog,": Ow...

",[],ow
531,2,4,text,": His voice is hoarse, his mouth dry. Massaging his throat, he
          walks to the door.

",[],his voice is hoarse his mouth dry massaging his throat he walks to the door
532,2,5,scene_heading,": INT. COMA WARD - LATE AFTERNOON

","['INT', 'COMA', 'WARD', 'LATE', 'AFTERNOON']",int coma ward late afternoon
533,2,5,text,": The door to Jim's hospital room is locked. The key is on the
          floor. He picks it up and opens the door.
          Jim exits into a corridor.
          At the far end, a sign read: COMA WARD. There is no sign of
          life or movement.
          Jim walks down the corridor. One of the doors is half-open.
          From inside, there is the sound of buzzing flies.

","['COMA', 'WARD']",the door to jim s hospital room is locked the key is on the floor he picks it up and opens the door jim exits into a corridor at the far end a sign read coma ward there is no sign of life or movement jim walks down the corridor one of the doors is half open from inside there is the sound of buzzing flies
534,2,6,scene_heading,": INT. HOSPITAL WARDS - LATE AFTERNOON

","['INT', 'HOSPITAL', 'WARDS', 'LATE', 'AFTERNOON']",int hospital wards late afternoon
535,2,6,text,": Jim moves as quickly as he can through the hospital, still
          weak, but now driven by adrenaline.
          All the wards and corridors are deserted. Medical notes and
          equipment lie strewn over the floors, trolleys are upended,
          glass partition doors are smashed. In a couple of places,
          splashes of dried blood arc up the walls.
          He reaches E. On one wall is a row of public pay phones.
          He lifts a receiver, and the line is dead. He goes down the
          line, trying them all.
          In the corner of the E reception is a smashed soft-drinks
          machine, with a few cans collected at the base.
          Jim grabs one, rips off the ring-pull and downs it in one go.
          Then he grabs another, and heads for the main doors.

","['E', 'E']",jim moves as quickly as he can through the hospital still weak but now driven by adrenaline all the wards and corridors are deserted medical notes and equipment lie strewn over the floors trolleys are upended glass partition doors are smashed in a couple of places splashes of dried blood arc up the walls he reaches e on one wall is a row of public pay phones he lifts a receiver and the line is dead he goes down the line trying them all in the corner of the e reception is a smashed soft drinks machine with a few cans collected at the base jim grabs one rips off the ring pull and downs it in one go then he grabs another and heads for the main doors
536,2,7,scene_heading,": EXT. HOSPITAL - LATE AFTERNOON

","['EXT', 'HOSPITAL', 'LATE', 'AFTERNOON']",ext hospital late afternoon
537,2,7,text,": Jim exits and walks out into the bright daylight of the
          forecourt. The camera begins to pull away from him.

",[],jim exits and walks out into the bright daylight of the forecourt the camera begins to pull away from him
538,2,7,speaker_heading,": JIM

",['JIM'],jim
539,2,7,dialog,": Hello?

",[],hello
540,2,7,text,":           Aside from a quiet rush of wind, there is silence. No
          traffic, no engines, no movement. Not even birdsong.",[],aside from a quiet rush of wind there is silence no traffic no engines no movement not even birdsong
541,3,0,scene_heading,": EXTREME CLOSEUP of glowing honey-colored stones.  Their shapes ABSTRACT
as THE CAMERA EXAMINES air bubbles and crystalline patterns.
MOVING UP AND OVER this amber abstraction, the CAMERA FINDS unusual
shapes and imperfections caught in the glassy stone:  flecks of dirt,
hairs, cracks.  STILL MOVING.  STARBURSTS OF LIGHT ricochet off the
different surfaces of the stones.
CAMERA TURNS along a creamy stretch of amber.  IT TURNS IN DEEPER,
abstracting the picture further only to find A TINY BLUR that suddenly
RACKS INTO FOCUS - a bug, a mosquito lodged within an amber tomb.  It is
folded on its back.
SLOW MOTION
 as the tip of a fine-pointed drill bores into the amber
toward the trapped bug.  Orange flecks fly.  The mosquito trembles.  The
drill continues, stopping just before it touches the tiny body.
A SHINY PAIR of thin needle-nose pliers reach in the borehole and
extricate the mosquito remains.  These are dropped on a brightly lit
glass slide.  A conveyor belt starts, and the slide moves along.
arriving under a long-lensed microscope.
IN MICROSCOPIC PERSPECTIVE, a thin needle pierces the bug and delicately
removes a fragment of tissue.
PINCERS snare the fragment, dropping it into a narrow tube.  The tube
SPINS, faster and faster until it is a BLUR on the screen.
THE SCREEN FLOODS with an INFRA-RED LIGHT.  Gray, oval shapes rock in a
neutral mist.
HOT SUN overhead in a BIG SKY -
","['EXTREME', 'CLOSEUP', 'ABSTRACT', 'THE', 'CAMERA', 'EXAMINES', 'MOVING', 'UP', 'AND', 'OVER', 'CAMERA', 'FINDS', 'STILL', 'MOVING', 'STARBURSTS', 'OF', 'LIGHT', 'CAMERA', 'TURNS', 'IT', 'TURNS', 'IN', 'DEEPER', 'A', 'TINY', 'BLUR', 'RACKS', 'INTO', 'FOCUS', 'SLOW', 'MOTION', 'A', 'SHINY', 'PAIR', 'A', 'IN', 'MICROSCOPIC', 'PERSPECTIVE', 'PINCERS', 'SPINS', 'BLUR', 'THE', 'SCREEN', 'FLOODS', 'INFRA', 'RED', 'LIGHT', 'HOT', 'SUN', 'BIG', 'SKY']",extreme closeup of glowing honey colored stones their shapes abstract as the camera examines air bubbles and crystalline patterns moving up and over this amber abstraction the camera finds unusual shapes and imperfections caught in the glassy stone flecks of dirt hairs cracks still moving starbursts of light ricochet off the different surfaces of the stones camera turns along a creamy stretch of amber it turns in deeper abstracting the picture further only to find a tiny blur that suddenly racks into focus a bug a mosquito lodged within an amber tomb it is folded on its back slow motion as the tip of a fine pointed drill bores into the amber toward the trapped bug orange flecks fly the mosquito trembles the drill continues stopping just before it touches the tiny body a shiny pair of thin needle nose pliers reach in the borehole and extricate the mosquito remains these are dropped on a brightly lit glass slide a conveyor belt starts and the slide moves along arriving under a long lensed microscope in microscopic perspective a thin needle pierces the bug and delicately removes a fragment of tissue pincers snare the fragment dropping it into a narrow tube the tube spins faster and faster until it is a blur on the screen the screen floods with an infra red light gray oval shapes rock in a neutral mist hot sun overhead in a big sky
542,4,0,scene_heading,": INT. HEADQUARTERS TENT  NIGHT

","['INT', 'HEADQUARTERS', 'TENT', 'NIGHT']",int headquarters tent night
543,4,0,text,":  CLOSE SLOT  the hand of General Nikolas Pherides  The
               General's hand spasmodically opens and closes around the hilt
               of a sword which has been struck into the earth, point
               foremost as a support.
               The CAMERA PULLS BACK to reveal his naked forearm and from
               this forearm gush gouts of arterial blood. The blood falls
               into an enamel basin,
               Over this CLOSE SHOT VOICES can be heard.


","['CLOSE', 'SLOT', 'CAMERA', 'PULLS', 'BACK', 'CLOSE', 'SHOT', 'VOICES']",close slot the hand of general nikolas pherides the general s hand spasmodically opens and closes around the hilt of a sword which has been struck into the earth point foremost as a support the camera pulls back to reveal his naked forearm and from this forearm gush gouts of arterial blood the blood falls into an enamel basin over this close shot voices can be heard
544,4,0,speaker_heading,":  FIRST OFFICER'S VOICE

","['FIRST', 'OFFICER', 'S', 'VOICE']",first officer s voice
545,4,0,dialog,":  Dead on the field, four thousand
                         five hundred seventytwo of the
                         enemy  three thousand of our own
                         men. Burial parties are already at
                         work. We are assigning men from
                         every company to clear the field,

",[],dead on the field four thousand five hundred seventytwo of the enemy three thousand of our own men burial parties are already at work we are assigning men from every company to clear the field
546,4,0,speaker_heading,":   DR. DROSSOS' VOICE

","['DR', 'DROSSOS', 'VOICE']",dr drossos voice
547,4,0,dialog,": (cutting in)
                         Tell them to pour lime in the
                         graves.

",[],cutting in tell them to pour lime in the graves
548,4,0,text,": The CAMERA IS DRAWING BACK to reveal General Nikolas
               Pherides, the commander of a Greek army corps, seated behind
               a small table  His left hand is outstretched to the
               barbersurgeon who kneels at his side and is engaged in
               bleeding him,

","['CAMERA', 'IS', 'DRAWING', 'BACK']",the camera is drawing back to reveal general nikolas pherides the commander of a greek army corps seated behind a small table his left hand is outstretched to the barbersurgeon who kneels at his side and is engaged in bleeding him
549,4,0,speaker_heading,": FIRST OFFICER'S VOICE

","['FIRST', 'OFFICER', 'S', 'VOICE']",first officer s voice
550,4,0,dialog,":  (same tone)
                         Enemy casualties estimated as nine
                         thousand  prisoners five
                         hundred.

",[],same tone enemy casualties estimated as nine thousand prisoners five hundred
551,4,0,text,": The CAMERA CONTINUES DRAWING BACK to disclose the entire mise
               on scene. Four Greek officers stand before the General.  Two 
               are great burly line officers; their uniform tunics open at
               the neck, their caps on the back of their heads and their
               great sabres trailing along the ground. The third is a
               medical officer, Dr. Alexander Drossos. He is excessively
               neat and dandified in his uniform, with pincenez glasses set
               perfectly straight on the bridge of his nose. The fourth is
               an Adjutant, military enough in dress and bearing but with a
               great brigand's mustache and merry black eyes. At the
               General's right hand sits a young American, Oliver Davis, a
               reporter for the New York Morning Globe. He is dressed in the
               semiuniform outfit which Richard Harding Davis popularized:
               breeches, leather leggings and a khaki tunic of military cut.
               While the rest talk, he is busily scribbling on a pad,
               without paying the least attention to any of then.
               The second officer breaks in on the first officer's report,
               unable to restrain his enthusiasm longer

","['CAMERA', 'CONTINUES', 'DRAWING', 'BACK']",the camera continues drawing back to disclose the entire mise on scene four greek officers stand before the general two are great burly line officers their uniform tunics open at the neck their caps on the back of their heads and their great sabres trailing along the ground the third is a medical officer dr alexander drossos he is excessively neat and dandified in his uniform with pincenez glasses set perfectly straight on the bridge of his nose the fourth is an adjutant military enough in dress and bearing but with a great brigand s mustache and merry black eyes at the general s right hand sits a young american oliver davis a reporter for the new york morning globe he is dressed in the semiuniform outfit which richard harding davis popularized breeches leather leggings and a khaki tunic of military cut while the rest talk he is busily scribbling on a pad without paying the least attention to any of then the second officer breaks in on the first officer s report unable to restrain his enthusiasm longer
552,4,0,speaker_heading,": SECOND OFFICER

","['SECOND', 'OFFICER']",second officer
553,4,0,dialog,":  A greet battle  a great victory!

",['A'],a greet battle a great victory
554,4,0,text,":                MED. CLOSE SHOT  General Pherides and Dr  Drossos.

","['MED', 'CLOSE', 'SHOT']",med close shot general pherides and dr drossos
555,4,0,speaker_heading,":    DR. DROSSOS

","['DR', 'DROSSOS']",dr drossos
556,4,0,dialog,":   (dryly)
                         To be sure . Enough blood spilled
                         to satisfy anyone --
                             (turning to the General)
                         except General Nikolas Pherides.
                         You're letting that fool drain your
                         life away.

",[],dryly to be sure enough blood spilled to satisfy anyone turning to the general except general nikolas pherides you re letting that fool drain your life away
557,4,0,speaker_heading,":  GENERAL

",['GENERAL'],general
558,4,0,dialog,":    (looking up)
                         Your father always prescribed it,
                         and I'm alive to tell you so.

",['I'],looking up your father always prescribed it and i m alive to tell you so
559,4,0,text,": FULL SHOT  the entire party inside the tent. In the
               meantime, the barber-surgeon has finished his work and is
               binding up the General's arm. He cinches the bandage tight. 
               The doctor shrugs.

","['FULL', 'SHOT']",full shot the entire party inside the tent in the meantime the barber surgeon has finished his work and is binding up the general s arm he cinches the bandage tight the doctor shrugs
560,4,0,speaker_heading,":   DR. DROSSOS

","['DR', 'DROSSOS']",dr drossos
561,4,0,dialog,": At least get a decent night's
                         sleep.
                             (smiling)
                         Consider it a prescription from my
                         father..

",[],at least get a decent night s sleep smiling consider it a prescription from my father
562,4,0,text,": The General nods. The three officers and the Adjutant leave,
               pausing at the tent flap to call back their ""good nights"".  
               Hardly have they gone when the General rises from his chair
               and begins to pace the narrow floor of the tent; his shadow
               walking with him on the side walls and ceiling. The young
               correspondent looks up and watches him. Finally, he speaks.
               MED. TWO SHOT - Oliver and the General.

","['MED', 'TWO', 'SHOT']",the general nods the three officers and the adjutant leave pausing at the tent flap to call back their good nights hardly have they gone when the general rises from his chair and begins to pace the narrow floor of the tent his shadow walking with him on the side walls and ceiling the young correspondent looks up and watches him finally he speaks med two shot oliver and the general
563,4,0,speaker_heading,": OLIVER

",['OLIVER'],oliver
564,4,0,dialog,":           Why not Take the doctor's advice?
                         You're the hero of the battle of
                         Corphon.

",[],why not take the doctor s advice you re the hero of the battle of corphon
565,4,0,speaker_heading,":  GENERAL

",['GENERAL'],general
566,4,0,dialog,": Hero?

",[],hero
567,4,0,speaker_heading,":  OLIVER

",['OLIVER'],oliver
568,4,0,dialog,":  (insistently)
                         In the New York Morning Globe,
                         the man who wins victory is always
                         a hero. -

",[],insistently in the new york morning globe the man who wins victory is always a hero
569,4,0,text,":  The General puts his hand on Oliver's arm.

",[],the general puts his hand on oliver s arm
570,4,0,speaker_heading,":  GENERAL

",['GENERAL'],general
571,4,0,dialog,": Listen 

",[],listen
572,4,0,text,": Both men are silent in an attitude of listening - from
               outside can be heard distantly the screaming and groaning of
               the wounded.

",[],both men are silent in an attitude of listening from outside can be heard distantly the screaming and groaning of the wounded
573,4,0,speaker_heading,":  GENERAL

",['GENERAL'],general
574,4,0,dialog,":  You know that sound, Oliver?

",[],you know that sound oliver
575,4,0,speaker_heading,":  OLIVER

",['OLIVER'],oliver
576,4,0,dialog,": I heard the same sound at
                         Ladysmith, at Nukden, Port
                         Arthur.  What do you expect
                         after a battle?

",['I'],i heard the same sound at ladysmith at nukden port arthur what do you expect after a battle
577,4,0,speaker_heading,":  GENERAL

",['GENERAL'],general
578,4,0,dialog,":                          You were at those battles as a
                         spectator   I wonder if you can
                         think what that sound might mean to
                         me  those men out there  dead
                         or dying  by my order -- because
                         I willed it so.

","['I', 'I']",you were at those battles as a spectator i wonder if you can think what that sound might mean to me those men out there dead or dying by my order because i willed it so
579,4,1,scene_heading,": EXT. BATTLEFIELD - NIGHT

","['EXT', 'BATTLEFIELD', 'NIGHT']",ext battlefield night
